URL,Category
https://www.fyple.com/company/travertine-warehouse-q1s6ydn/,Construction Contractor
https://www.fyple.com/company/paint-pros-ltd-evjpy5e/,Construction Contractor
https://www.fyple.com/company/cathy-hobbs-design-recipes-r7uwdbx/,Construction Contractor
https://www.fyple.com/company/portland-doors-and-locks-guy-locksmith-and-garage-doors-rtwbrto/,Construction Contractor
https://www.fyple.com/company/washington-dc-glass-repair-services-r1ntxko/,Construction Contractor
https://www.fyple.com/company/1daywall-rqfruy0/,Construction Contractor
https://www.fyple.com/company/buy-registered-usa-drivers-license-utubwz6/,Construction Contractor
https://www.fyple.com/company/air-duct-cleaning-of-pasadena-ept08il/,Construction Contractor
https://www.fyple.com/company/amazing-doors-and-hardware-llc-r7kc8wt/,Construction Contractor
https://www.fyple.com/company/palos-verdes-ductwork-ep7ei3o/,Construction Contractor
https://www.fyple.com/company/american-cool-and-heat-e8cz3ws/,Construction Contractor
https://www.fyple.com/company/j-n-k-services-inc--eiz1scb/,Construction Contractor
https://www.fyple.com/company/calvada-surveying-inc--ed8c2fn/,Construction Contractor
https://www.fyple.com/company/ez-lift-garage-doors-eijolfe/,Construction Contractor
https://www.fyple.com/company/royal-locksmith-store-egrlnf0/,Construction Contractor
https://www.fyple.com/company/morning-noon-night-plumbing-and-sewer-ecck5kt/,Construction Contractor
https://www.fyple.com/company/stone-mart-q1z1jax/,Construction Contractor
https://www.fyple.com/company/servicemaster-restoration-by-lewis-construction-rejfblv/,Construction Contractor
https://www.fyple.com/company/emma-locksmith-cutlerbay-rea1gsv/,Construction Contractor
https://www.fyple.com/company/the-lab-zone-rwodjb5/,Construction Contractor
https://www.fyple.com/company/san-fernando-valley-heating-and-air-conditioning-e4eswee/,Construction Contractor
https://www.fyple.com/company/the-santa-rosa-painting-company-i8e9vz5/,Construction Contractor
https://www.fyple.com/company/randb-roofing-and-remodeling-iwf9kdi/,Construction Contractor
https://www.fyple.com/company/tonys-masonry-rwyh8ev/,Construction Contractor
https://www.fyple.com/company/eliteforce-garage-door-houston-o2n8qn3/,Construction Contractor
https://www.fyple.com/company/the-providence-painting-company-i8klb3l/,Construction Contractor
https://www.fyple.com/company/cadco-construction-and-renovations-inc-ilexwqu/,Construction Contractor
https://www.fyple.com/company/air-pro-master-e1vyvn8/,Construction Contractor
https://www.fyple.com/company/suburban-plumbing-experts-uxitckx/,Construction Contractor
https://www.fyple.com/company/lighting4diamonds-showcases-and-in-store-design-y5ylc2y/,Construction Contractor
https://www.fyple.com/company/elizabeth-locksmith-aventura-reox8fb/,Construction Contractor
https://www.fyple.com/company/kleen-air-services-e2f0gto/,Construction Contractor
https://www.fyple.com/company/electrician-network-north-iru5a2h/,Construction Contractor
https://www.fyple.com/company/trustcore-garage-door-the-woodlands-o302xx2/,Construction Contractor
https://www.fyple.com/company/grinsted-landscaping-igckx1x/,Construction Contractor
https://www.fyple.com/company/buy-passport-online-u4352vc/,Construction Contractor
https://www.fyple.com/company/green-electric-solutions-r0rnen6/,Construction Contractor
https://www.fyple.com/company/centurion-garage-door-houston-o30fkve/,Construction Contractor
https://www.fyple.com/company/emma-locksmith-cutlerbay-rea1gsv/,Construction Contractor
https://www.fyple.com/company/asaf-safe-and-locks-llc-rel8rd4/,Construction Contractor
https://www.fyple.com/company/fortiguard-garage-door-crosby-o30yrgw/,Construction Contractor
https://www.fyple.com/company/affordable-heating-and-air-atlanta-e13k2hd/,Construction Contractor
https://www.fyple.com/company/sterling-garage-door-humble-o3055uq/,Construction Contractor
https://www.fyple.com/company/fishers-outdoor-landscaping-and-design-rj5tege/,Construction Contractor
https://www.fyple.com/company/good-locksmith-florida-uq0nk5k/,Construction Contractor
https://www.fyple.com/company/cedar-park-plumbing-yfiftz1/,Construction Contractor
https://www.fyple.com/company/electrician-network-village-i8bwi2z/,Construction Contractor
https://www.fyple.com/company/electrician-plus-weston-i8fjf8i/,Construction Contractor
https://www.fyple.com/company/air-pro-master-e1vyvn8/,Construction Contractor
https://www.fyple.com/company/metromax-garage-door-houston-o30ppjt/,Construction Contractor
https://www.fyple.com/company/detroit-speedy-electrician-tiokkxj/,Construction Contractor
https://www.fyple.com/company/service-pro-restoration-yv8aley/,Construction Contractor
https://www.fyple.com/company/titanium-garage-door-san-clemente-o2k6owo/,Construction Contractor
https://www.fyple.com/company/endisys-fluid-delivery-systems-i6nvnuj/,Construction Contractor
https://www.fyple.com/company/pt-duct-cleaning-ow34fen/,Construction Contractor
https://www.fyple.com/company/coinbase-support-number-%e2%98%8f1800-%ec%9b%83698%ec%9b%835751-how-are-be-uyglrf4/,Construction Contractor
https://www.fyple.com/company/trustcore-garage-door-dickinson-o3024ww/,Construction Contractor
https://www.fyple.com/company/electrician-network-ysqqejs/,Construction Contractor
https://www.fyple.com/company/expert-garage-doors-and-gates-inc--o6f58wp/,Construction Contractor
https://www.fyple.com/company/mainline-plumbing-and-drain-tacoma-plumber-rqkcsus/,Construction Contractor
https://www.fyple.com/company/method-remodeling-izzubtx/,Construction Contractor
https://www.fyple.com/company/drr-drywall-repair-u32b2fd/,Construction Contractor
https://www.fyple.com/company/24-7-emergency-plumber-miami-o5tnx22/,Construction Contractor
https://www.fyple.com/company/aaaaaaaaaaaaa-itbjakk/,Construction Contractor
https://www.fyple.com/company/graco-construction-unyl1zy/,Construction Contractor
https://www.fyple.com/company/gun-safe-movers-inc--e0wodpp/,Construction Contractor
https://www.fyple.com/company/mighty-roof-repair-company-uoe33ki/,Construction Contractor
https://www.fyple.com/company/sterling-garage-door-rosenberg-o3071a5/,Construction Contractor
https://www.fyple.com/company/venture-mfg-co--tkucgl1/,Construction Contractor
https://www.fyple.com/company/pure-indoor-air-u34uoi4/,Construction Contractor
https://www.fyple.com/company/stuart-lawn-and-land-igcvzaj/,Construction Contractor
https://www.fyple.com/company/carpe-diem-yards-rf7v3y5/,Construction Contractor
https://www.fyple.com/company/rehan-u4z6dc6/,Construction Contractor
https://www.fyple.com/company/water-damage-cleaner-iv76k03/,Construction Contractor
https://www.fyple.com/company/baltimore-power-washers-rf7cwct/,Construction Contractor
https://www.fyple.com/company/shopsaveandfloor-iqxenun/,Construction Contractor
https://www.fyple.com/company/james-garage-door-montebello-o2hf7ny/,Construction Contractor
https://www.fyple.com/company/abs-septic-and-dumpster-u9e1u5r/,Construction Contractor
https://www.fyple.com/company/primeline-garage-door-pearland-o2n3ddj/,Construction Contractor
https://www.fyple.com/company/trustcore-garage-door-dickinson-o3024ww/,Construction Contractor
https://www.fyple.com/company/springs-masonry-ufkzsd8/,Construction Contractor
https://www.fyple.com/company/pantheon-garage-doors-huntington-beach-o2hwle2/,Construction Contractor
https://www.fyple.com/company/fortitude-garage-door-covina-o2hzs6c/,Construction Contractor
https://www.fyple.com/company/the-painting-company-of-boston-i8rwwoa/,Construction Contractor
https://www.fyple.com/company/baltimore-hood-cleaning-kitchen-exhaust-cleaning-yx0ok0d/,Construction Contractor
https://www.fyple.com/company/sterling-garage-door-houston-o3040h6/,Construction Contractor
https://www.fyple.com/company/baltimore-roof-repair-uoeh6a6/,Construction Contractor
https://www.fyple.com/company/aaron-services-plumbing-heating-cooling-o7ssos9/,Construction Contractor
https://www.fyple.com/company/resolve-engineering-iufrb34/,Construction Contractor
https://www.fyple.com/company/pure-indoor-air-u34uoi4/,Construction Contractor
https://www.fyple.com/company/bray-electrical-services-o9aut57/,Construction Contractor
https://www.fyple.com/company/gervais-mechanical-services-llc-ib5i9e8/,Construction Contractor
https://www.fyple.com/company/suburban-sewer-experts-uxii683/,Construction Contractor
https://www.fyple.com/company/chicago-plumbing-experts-uxiutge/,Construction Contractor
https://www.fyple.com/company/gervais-plumbing-heating-and-air-conditioning-ib10wiu/,Construction Contractor
https://www.fyple.com/company/southern-roofing-commercial-roofing-loveland-ydnisbz/,Construction Contractor
https://www.fyple.com/company/primeline-garage-door-spring-o2n4510/,Construction Contractor
https://www.fyple.com/company/trustcore-garage-door-houston-o2nkle3/,Construction Contractor
https://www.fyple.com/company/nw-permit-solutions-ic4o5d9/,Construction Contractor
https://www.fyple.com/company/greater-houston-water-damage-t6xls49/,Construction Contractor
https://www.fyple.com/company/av-lancaster-landscaping-and-gardening-rgu96i2/,Construction Contractor
https://www.fyple.com/company/motor-city-roofers-if23q9y/,Construction Contractor
https://www.fyple.com/company/southern-roofing-commercial-roofing-greeley-yalruw1/,Construction Contractor
https://www.fyple.com/company/memphis-fence-and-deck-contractors-trlt71z/,Construction Contractor
https://www.fyple.com/company/minnetonka-garage-floors-ynd2yrh/,Construction Contractor
https://www.fyple.com/company/james-garage-door-carson-o2hhwjl/,Construction Contractor
https://www.fyple.com/company/surely-signs-yx1govx/,Construction Contractor
https://www.fyple.com/company/a1-septic-service-u95rgdw/,Construction Contractor
https://www.fyple.com/company/apex-epoxy-flooring-of-orlando-ivlt2h8/,Construction Contractor
https://www.fyple.com/company/j-baxter-construction-yfkgp3e/,Construction Contractor
https://www.fyple.com/company/paragon-exteriors-llc-rb3zidh/,Construction Contractor
https://www.fyple.com/company/highway-king-mechanics-o7pbu6f/,Construction Contractor
https://www.fyple.com/company/premier-cooling-and-heating-ys20eaj/,Construction Contractor
https://www.fyple.com/company/meyer-floors-qpgv3w8/,Construction Contractor
https://www.fyple.com/company/the-jacksonville-deck-builders-irk9fyn/,Construction Contractor
https://www.fyple.com/company/guardian-plumbing-services-inc--reprax5/,Construction Contractor
https://www.fyple.com/company/gervais-plumbing-heating-and-air-conditioning-ib10wiu/,Construction Contractor
https://www.fyple.com/company/ocean-county-roofing-tlque4b/,Construction Contractor
https://www.fyple.com/company/st-louis-painting-inc--r6wio5d/,Construction Contractor
https://www.fyple.com/company/local-plumbers-bel-air-u6jzndy/,Construction Contractor
https://www.fyple.com/company/centurion-garage-door-tomball-o30s4nz/,Construction Contractor
https://www.fyple.com/company/jbl-drain-specialist-tilbxn8/,Construction Contractor
https://www.fyple.com/company/affordable-openers-ritvsvh/,Construction Contractor
https://www.fyple.com/company/five-star-complete-restoration-indianapolis-u3tgr8d/,Construction Contractor
https://www.fyple.com/company/detroit-plumbing-and-drain-services-ruu366b/,Construction Contractor
https://www.fyple.com/company/home-painting-pro-house-painters-i42w7ie/,Construction Contractor
https://www.fyple.com/company/pipe-and-wrench-llc-inkgpqe/,Construction Contractor
https://www.fyple.com/company/superior-water-damage-restoration-of-silver-spring-o4qha3s/,Construction Contractor
https://www.fyple.com/company/southern-roofing-uwbhzj1/,Construction Contractor
https://www.fyple.com/company/advanced-aluminum-of-polk-county-rfpigvl/,Construction Contractor
https://www.fyple.com/company/m-and-s-landscaping-and-tree-service-u2i3fl4/,Construction Contractor
https://www.fyple.com/company/minneapolis-key-replacement-yjg2s42/,Construction Contractor
https://www.fyple.com/company/northeast-home-and-energy-u33diak/,Construction Contractor
https://www.fyple.com/company/us-home-service-electrician-plano-tx-uiyx7hh/,Construction Contractor
https://www.fyple.com/company/the-jacksonville-deck-builders-irk9fyn/,Construction Contractor
https://www.fyple.com/company/best-deal-locksmith-llc-uw7wvyf/,Construction Contractor
https://www.fyple.com/company/nobu-hossain-local-citations-expert-i9tdp9q/,Construction Contractor
https://www.fyple.com/company/jackson-plumbing-and-drain-service-tgqzlo1/,Construction Contractor
https://www.fyple.com/company/fortitude-garage-door-santa-ana-o2g02b3/,Construction Contractor
https://www.fyple.com/company/electrical-contractors-ys7s198/,Construction Contractor
https://www.fyple.com/company/scientific-turf-inc--yecpsj0/,Construction Contractor
https://www.fyple.com/company/strykvisionz-yptseir/,Construction Contractor
https://www.fyple.com/company/brownlow-and-sons-co-inc-wzg048y/,Construction Contractor
https://www.fyple.com/company/my-restoration-now-of-foggy-bottom-i7lc4qn/,Construction Contractor
https://www.fyple.com/company/northeast-home-and-energy-qe6p1w7/,Construction Contractor
https://www.fyple.com/company/buena-park-plumbing-co-yjj4ov7/,Construction Contractor
https://www.fyple.com/company/concrete-polishing-of-northern-colorado-u2isngc/,Construction Contractor
https://www.fyple.com/company/built-tough-masonry-and-roofing-iz9vf4y/,Construction Contractor
https://www.fyple.com/company/friendswood-sign-company-ib8r3l1/,Construction Contractor
https://www.fyple.com/company/aardvark-demolition-excavation-fredericksburg-va-yv1kiqy/,Construction Contractor
https://www.fyple.com/company/amera-hvac-service-west-hills-yjoaonp/,Construction Contractor
https://www.fyple.com/company/houston-heights-garage-doors-pro-rpesfth/,Construction Contractor
https://www.fyple.com/company/treadmills-installers-rgfu0at/,Construction Contractor
https://www.fyple.com/company/roofing-solutions-group-llc-ybr3iik/,Construction Contractor
https://www.fyple.com/company/pyramid-homes-home-builders-longview-tx-yu7ayyp/,Construction Contractor
https://www.fyple.com/company/luna-air-conditioning-iud6kj8/,Construction Contractor
https://www.fyple.com/company/cronin-water-restoration-in6y1dj/,Construction Contractor
https://www.fyple.com/company/miller-and-myers-group-demolition-ipede8q/,Construction Contractor
https://www.fyple.com/company/ace-flooring-dfw-yzr66r4/,Construction Contractor
https://www.fyple.com/company/fortitude-garage-door-santa-ana-o2g02b3/,Construction Contractor
https://www.fyple.com/company/sprinkler-repair-colorado-springs-tjfl55j/,Construction Contractor
https://www.fyple.com/company/five-star-complete-restoration-carmel-u3rsodp/,Construction Contractor
https://www.fyple.com/company/rainscapes-sprinkler-and-landscape-ub9ofw3/,Construction Contractor
https://www.fyple.com/company/wt-anderson-roofing-and-siding-o9hqbgt/,Construction Contractor
https://www.fyple.com/company/roofing-solutions-group-llc-ybr491e/,Construction Contractor
https://www.fyple.com/company/amish-by-design-tfsz5fc/,Construction Contractor
https://www.fyple.com/company/metro-air-and-heat-rvxxigq/,Construction Contractor
https://www.fyple.com/company/dsapone-restorations-manhattan-tifougk/,Construction Contractor
https://www.fyple.com/company/luxury-furniture-ra28j0o/,Construction Contractor
https://www.fyple.com/company/solarshield-industries-inc--r3oq15j/,Construction Contractor
https://www.fyple.com/company/bellingham-concrete-yo64hyo/,Construction Contractor
https://www.fyple.com/company/kcity-best-roofing-r3igpgl/,Construction Contractor
https://www.fyple.com/company/punctual-plumbers-and-seattle-rooter-service-r2jjkhx/,Construction Contractor
https://www.fyple.com/company/berliner-water-damage-inq21u2/,Construction Contractor
https://www.fyple.com/company/heating-ventilation-and-air-conditioning-upgrades-ix2ciuu/,Construction Contractor
https://www.fyple.com/company/amo-garage-door-pros-o3rh8kz/,Construction Contractor
https://www.fyple.com/company/bend-roofing-service-enrp0xx/,Construction Contractor
https://www.fyple.com/company/ace-flooring-dfw-yzr66r4/,Construction Contractor
https://www.fyple.com/company/ridgefield-lawn-care-o6e0sar/,Construction Contractor
https://www.fyple.com/company/hmj-marble-granite-and-tile-u2y543c/,Construction Contractor
https://www.fyple.com/company/gateway-garage-door-brea-o2k8svd/,Construction Contractor
https://www.fyple.com/company/mike-garage-door-santa-clarita-o2g3432/,Construction Contractor
https://www.fyple.com/company/cool-roof-solutions-uqa6zdj/,Construction Contractor
https://www.fyple.com/company/alco-paving-inc-yytiooj/,Construction Contractor
https://www.fyple.com/company/la-xtreme-remodeling-roofing-ud4bngj/,Construction Contractor
https://www.fyple.com/company/chicago-heating-and-cooling-pros-r69lts0/,Construction Contractor
https://www.fyple.com/company/buckley-water-damage-inr3vba/,Construction Contractor
https://www.fyple.com/company/the-pittsburgh-hvac-rnp46hz/,Construction Contractor
https://www.fyple.com/company/jaunt-service-company-ijt208x/,Construction Contractor
https://www.fyple.com/company/davis-and-davis-interior-design-ewcfzay/,Construction Contractor
https://www.fyple.com/company/handyman-nashville-uj5qs02/,Construction Contractor
https://www.fyple.com/company/everett-water-damage-restoration-o628xqe/,Construction Contractor
https://www.fyple.com/company/mwd-heating-and-air-conditioning-o52gntx/,Construction Contractor
https://www.fyple.com/company/basketballs-installers-rgardr2/,Construction Contractor
https://www.fyple.com/company/league-city-sign-company-custom-sign-shop-ibqkpnv/,Construction Contractor
https://www.fyple.com/company/seattle-home-garage-doors-euqg2hv/,Construction Contractor
https://www.fyple.com/company/seattle-garage-door-specialists-euwebpw/,Construction Contractor
https://www.fyple.com/company/locksmith-management-llc-ydd7a4g/,Construction Contractor
https://www.fyple.com/company/a-to-z-hvac-llc-efqbhdz/,Construction Contractor
https://www.fyple.com/company/platinum-electric-o3y56qf/,Construction Contractor
https://www.fyple.com/company/ridgefield-lawn-care-o6e0sar/,Construction Contractor
https://www.fyple.com/company/freelite-inc-uygrb5a/,Construction Contractor
https://www.fyple.com/company/new-edge-improvement-co--ual04zf/,Construction Contractor
https://www.fyple.com/company/roof-leak-repair-nj-tu4ggg9/,Construction Contractor
https://www.fyple.com/company/hq-locksmith-services-thyn31j/,Construction Contractor
https://www.fyple.com/company/a-plus-garage-doors-i0gsz2n/,Construction Contractor
https://www.fyple.com/company/the-cary-concrete-company-i8ja0aa/,Construction Contractor
https://www.fyple.com/company/vip-assembly-rgau0nq/,Construction Contractor
https://www.fyple.com/company/a-plus-garage-doors-i0h3w1h/,Construction Contractor
https://www.fyple.com/company/rescue-plumbing-and-hvac-ix9pj4c/,Construction Contractor
https://www.fyple.com/company/nc-servo-technology-tvurkkr/,Construction Contractor
https://www.fyple.com/company/c-and-c-temp-control-yqyu3n5/,Construction Contractor
https://www.fyple.com/company/locksmith-downtown-chicago-the-prolock-o8gokpv/,Construction Contractor
https://www.fyple.com/company/abby-a-c-and-used-appliance-llc-igk0ejx/,Construction Contractor
https://www.fyple.com/company/newnan-driveway-repair-service-udo6ues/,Construction Contractor
https://www.fyple.com/company/epoxy-river-table-atlanta-o22vs5h/,Construction Contractor
https://www.fyple.com/company/historic-restorations-brookline-builders-9x14aw2/,Construction Contractor
https://www.fyple.com/company/a-to-z-hvac-llc-efqbhdz/,Construction Contractor
https://www.fyple.com/company/hp-plumbing-services-yl4yo64/,Construction Contractor
https://www.fyple.com/company/thomas-home-services-o0ocpwk/,Construction Contractor
https://www.fyple.com/company/gresham-deck-and-fence-ycjekvj/,Construction Contractor
https://www.fyple.com/company/fat-free-tampa-hood-cleaning-tnbx201/,Construction Contractor
https://www.fyple.com/company/white-mechanical-inc--tljxrf8/,Construction Contractor
https://www.fyple.com/company/bay-area-garage-door-masters-euw4kh5/,Construction Contractor
https://www.fyple.com/company/deco-flooring-o6c7o9p/,Construction Contractor
https://www.fyple.com/company/suxun-elevator-co-ltd-tach550/,Construction Contractor
https://www.fyple.com/company/24-7-mobile-locksmith-mn-yd8a8ly/,Construction Contractor
https://www.fyple.com/company/dallas-elite-stamped-concrete-uzwp943/,Construction Contractor
https://www.fyple.com/company/dallas-house-painting-pros-ygpeuxh/,Construction Contractor
https://www.fyple.com/company/do-it-right-plumbing-sewer-and-drain-service-edqjxro/,Construction Contractor
https://www.fyple.com/company/b2b-commercial-roofing-yhugtc7/,Construction Contractor
https://www.fyple.com/company/best-girdle-to-wear-after-pregnancy-belly-wrap-rcsqni0/,Construction Contractor
https://www.fyple.com/company/brooklyn-water-damage-repair-and-restoration-tdhp839/,Construction Contractor
https://www.fyple.com/company/tarzana-mold-removal-and-water-damage-rgu7htl/,Construction Contractor
https://www.fyple.com/company/pantheon-garage-doors-san-juan-o2htki1/,Construction Contractor
https://www.fyple.com/company/blue-ridge-deck-company-o0r3eao/,Construction Contractor
https://www.fyple.com/company/deep-south-dock-and-piling-restoration-r77d5jw/,Construction Contractor
https://www.fyple.com/company/metromax-garage-door-o30ihqp/,Construction Contractor
https://www.fyple.com/company/chandler-locksmiths-eshgztp/,Construction Contractor
https://www.fyple.com/company/california-expert-electric-los-angeles-y7uzueg/,Construction Contractor
https://www.fyple.com/company/tucker-hill-air-plumbing-and-electric-phoenix-icdkubn/,Construction Contractor
https://www.fyple.com/company/fortiguard-garage-door-houston-o308b50/,Construction Contractor
https://www.fyple.com/company/excalibur-hardwood-floors-llc-o9iqbej/,Construction Contractor
https://www.fyple.com/company/bravo-artificial-turf-iz0tidb/,Construction Contractor
https://www.fyple.com/company/rechsand-yerxr43/,Construction Contractor
https://www.fyple.com/company/cape-coral-fence-and-deck-treciiy/,Construction Contractor
https://www.fyple.com/company/guardian-garage-door-apple-valley-o2h5cwi/,Construction Contractor
https://www.fyple.com/company/cape-cod-pro-garage-doors-o6yc4rn/,Construction Contractor
https://www.fyple.com/company/best-roofing-company-lynnwood-tn2nhcu/,Construction Contractor
https://www.fyple.com/company/fort-worth-roofing-expert-r2ha6wk/,Construction Contractor
https://www.fyple.com/company/do-it-right-plumbing-sewer-and-drain-service-edqjxro/,Construction Contractor
https://www.fyple.com/company/creative-website-studio-uhjvwdu/,Construction Contractor
https://www.fyple.com/company/dallas-home-garage-doors-eu5h6yl/,Construction Contractor
https://www.fyple.com/company/wild-hvac-services-encino-yjlvu6n/,Construction Contractor
https://www.fyple.com/company/locksmith-plus-inc--rbydiq8/,Construction Contractor
https://www.fyple.com/company/alpha-roofing-o2fphil/,Construction Contractor
https://www.fyple.com/company/reilly-roofing-and-gutters-rfproni/,Construction Contractor
https://www.fyple.com/company/barefoot-surfaces-concrete-floor-coatings-ta9ap2z/,Construction Contractor
https://www.fyple.com/company/southeastern-underdeck-systems-ik6j5yn/,Construction Contractor
https://www.fyple.com/company/minneapolis-home-garage-doors-eu6y3yb/,Construction Contractor
https://www.fyple.com/company/siffords-roofing-y1iodnz/,Construction Contractor
https://www.fyple.com/company/bone-dry-restorations-y1hyd6j/,Construction Contractor
https://www.fyple.com/company/pearland-sign-company-custom-sign-shop-maker-ibp28zj/,Construction Contractor
https://www.fyple.com/company/fast-az-services-yjf9zzq/,Construction Contractor
https://www.fyple.com/company/buckeye-disposal-iqe7jfu/,Construction Contractor
https://www.fyple.com/company/rosenberg-sign-company-ib3jaz3/,Construction Contractor
https://www.fyple.com/company/osceola-fence-igo61ip/,Construction Contractor
https://www.fyple.com/company/affordable-interior-painting-oklahoma-u92v9gj/,Construction Contractor
https://www.fyple.com/company/gaveet-construction-ryif88l/,Construction Contractor
https://www.fyple.com/company/tilers-place-u7sz61r/,Construction Contractor
https://www.fyple.com/company/ac-electric-yrlto7c/,Construction Contractor
https://www.fyple.com/company/d-a-flooring-solutions-ruz6uv0/,Construction Contractor
https://www.fyple.com/company/creative-website-studio-uhjvwdu/,Construction Contractor
https://www.fyple.com/company/superior-plumbing-and-heating-o7icalo/,Construction Contractor
https://www.fyple.com/company/wild-hvac-services-encino-yjlvu6n/,Construction Contractor
https://www.fyple.com/company/skywindows-and-aluminum-products-ybhje10/,Construction Contractor
https://www.fyple.com/company/z-double-b-inc--y61ojjt/,Construction Contractor
https://www.fyple.com/company/westcoast-taxh9iz/,Construction Contractor
https://www.fyple.com/company/wash-masters-i7xdu8e/,Construction Contractor
https://www.fyple.com/company/high-priority-plumbing-of-jackson-yk83ysd/,Construction Contractor
https://www.fyple.com/company/wichita-hauling-junk-and-moving-ictcgou/,Construction Contractor
https://www.fyple.com/company/electrician-network-miami-beach-i8scb74/,Construction Contractor
https://www.fyple.com/company/greater-boston-hvac-services-peter-paone-hvac-o7dqk3r/,Construction Contractor
https://www.fyple.com/company/momentum-carpet-and-floor-care-llc--udt7fez/,Construction Contractor
https://www.fyple.com/company/lko-equipment-ygippy0/,Construction Contractor
https://www.fyple.com/company/temecula-carpet-cleaning-express-rer8c1p/,Construction Contractor
https://www.fyple.com/company/emergency-restoration-specialists-inc-rgi59yo/,Construction Contractor
https://www.fyple.com/company/water-heater-coppell-yujtyr8/,Construction Contractor
https://www.fyple.com/company/high-priority-plumbing-of-loganville-yk9yyna/,Construction Contractor
https://www.fyple.com/company/san-jose-home-garage-doors-euqhw56/,Construction Contractor
https://www.fyple.com/company/ars-rescue-rooter-dallas-tode35v/,Construction Contractor
https://www.fyple.com/company/high-priority-plumbing-of-watkinsville-ylsfozg/,Construction Contractor
https://www.fyple.com/company/classic-home-improvements-yb3dfgy/,Construction Contractor
https://www.fyple.com/company/high-priority-plumbing-of-fayetteville-ylv7zbz/,Construction Contractor
https://www.fyple.com/company/21st-century-doors-and-windows-tqb0h3p/,Construction Contractor
https://www.fyple.com/company/high-priority-plumbing-of-lawrenceville-yk7q0gc/,Construction Contractor
https://www.fyple.com/company/high-priority-plumbing-of-douglasville-ylu4p2c/,Construction Contractor
https://www.fyple.com/company/high-priority-plumbing-of-richmond-hill-yks27j4/,Construction Contractor
https://www.fyple.com/company/high-priority-plumbing-of-jonesboro-yk3iwnc/,Construction Contractor
https://www.fyple.com/company/high-priority-plumbing-of-jesup-ykgbhg2/,Construction Contractor
https://www.fyple.com/company/high-priority-plumbing-of-monroe-ykwv9qx/,Construction Contractor
https://www.fyple.com/company/ars-rescue-rooter-ft-worth-todeuyq/,Construction Contractor
https://www.fyple.com/company/high-priority-plumbing-of-newnan-yl4t03j/,Construction Contractor
https://www.fyple.com/company/high-priority-plumbing-of-nahunta-ykg604b/,Construction Contractor
https://www.fyple.com/company/high-priority-plumbing-of-winder-ykuuudx/,Construction Contractor
https://www.fyple.com/company/high-priority-plumbing-of-loganville-yk9yyna/,Construction Contractor
https://www.fyple.com/company/high-priority-plumbing-of-griffin-yk0s6sh/,Construction Contractor
https://www.fyple.com/company/high-priority-plumbing-of-kingsland-ykfwb22/,Construction Contractor
https://www.fyple.com/company/high-priority-plumbing-of-stockbridge-ykt2gls/,Construction Contractor
https://www.fyple.com/company/high-priority-plumbing-of-waycross-ykxz4ar/,Construction Contractor
https://www.fyple.com/company/high-priority-plumbing-of-stone-mountain-yktwtdw/,Construction Contractor
https://www.fyple.com/company/high-priority-plumbing-of-lithonia-ykq05v4/,Construction Contractor
https://www.fyple.com/company/high-priority-plumbing-of-garden-city-ykjew5p/,Construction Contractor
https://www.fyple.com/company/high-priority-plumbing-of-marietta-yl792sg/,Construction Contractor
https://www.fyple.com/company/high-priority-plumbing-of-snellville-ykudgnc/,Construction Contractor
https://www.fyple.com/company/top-notch-garage-doors-walnut-creek-icsib6a/,Construction Contractor
https://www.fyple.com/company/21st-century-doors-and-windows-tqb0h3p/,Construction Contractor
https://www.fyple.com/company/san-francisco-concrete-contractors-ree42vp/,Construction Contractor
https://www.fyple.com/company/maples-at-the-sonatas-an-epcon-community-ye3rtvp/,Construction Contractor
https://www.fyple.com/company/american-replacement-windows-ip5afxl/,Construction Contractor
https://www.fyple.com/company/quality-windows-and-doors-y8fwurn/,Construction Contractor
https://www.fyple.com/company/5-star-locksmith-fl-utn29c1/,Construction Contractor
https://www.fyple.com/company/high-priority-plumbing-of-mansfield-ylzrv2c/,Construction Contractor
https://www.fyple.com/company/arizona-native-roofing-uluqvoc/,Construction Contractor
https://www.fyple.com/company/best-roofing-company-tnwrutw/,Construction Contractor
https://www.fyple.com/company/locksmith-andersonville-chicago-the-prolock-o8gl4jt/,Construction Contractor
https://www.fyple.com/company/365-master-locksmith-utvq3n4/,Construction Contractor
https://www.fyple.com/company/high-priority-plumbing-of-hampton-yljqkgk/,Construction Contractor
https://www.fyple.com/company/high-priority-plumbing-of-statesboro-ykcegvl/,Construction Contractor
https://www.fyple.com/company/high-priority-plumbing-of-locust-grove-yk79965/,Construction Contractor
https://www.fyple.com/company/energy-remodeling-inc-r4f0kad/,Construction Contractor
https://www.fyple.com/company/dreamy-dezignz-iqbgfbr/,Construction Contractor
https://www.fyple.com/company/prime-plumbing-heating-inc-y2goze8/,Construction Contractor
https://www.fyple.com/company/high-priority-plumbing-of-gainesville-yk0daoq/,Construction Contractor
https://www.fyple.com/company/high-priority-plumbing-of-decatur-ylropad/,Construction Contractor
https://www.fyple.com/company/high-priority-plumbing-of-morrow-ykk4ucl/,Construction Contractor
https://www.fyple.com/company/luce-air-quality-y5wqs1e/,Construction Contractor
https://www.fyple.com/company/energy-remodeling-inc-r4f0kad/,Construction Contractor
https://www.fyple.com/company/california-power-and-light-3q5x7e3/,Construction Contractor
https://www.fyple.com/company/high-priority-plumbing-of-darien-ykgn1by/,Construction Contractor
https://www.fyple.com/company/demand-inc--iz6b37v/,Construction Contractor
https://www.fyple.com/company/atx-design-build-t7gvw73/,Construction Contractor
https://www.fyple.com/company/territorial-plumbing-heating-and-cooling-o38y5qy/,Construction Contractor
https://www.fyple.com/company/product-resources-ilt51cq/,Construction Contractor
https://www.fyple.com/company/comfort-crew-cooling-and-heating-ujfc0fs/,Construction Contractor
https://www.fyple.com/company/golden-leaf-landscapes-ejb3fyt/,Construction Contractor
https://www.fyple.com/company/kitchen-services-yw7gxjh/,Construction Contractor
https://www.fyple.com/company/comfort-crew-cooling-and-heating-ujdo09w/,Construction Contractor
https://www.fyple.com/company/monarcas-vinyl-windows-and-doors-t4yyu13/,Construction Contractor
https://www.fyple.com/company/sherwood-forest-garden-center-eu8hpxz/,Construction Contractor
https://www.fyple.com/company/spokane-water-features-and-fountains-usa34uf/,Construction Contractor
https://www.fyple.com/company/carolina-home-remodeling-uow70h1/,Construction Contractor
https://www.fyple.com/company/california-flat-roofs-i92tt0x/,Construction Contractor
https://www.fyple.com/company/florida-air-express-of-lakeland-i5a06fu/,Construction Contractor
https://www.fyple.com/company/am-pm-garage-doors-kent-wa-wbv398n/,Construction Contractor
https://www.fyple.com/company/am-pm-garage-doors-renton-wa-wbcz5z2/,Construction Contractor
https://www.fyple.com/company/emerald-city-energy-y53dptu/,Construction Contractor
https://www.fyple.com/company/philz-landscaping-and-contracting-llc-iv6y293/,Construction Contractor
https://www.fyple.com/company/oros-home-enhancements-llc-y8a0x2u/,Construction Contractor
https://www.fyple.com/company/pro-force-property-maintenance-t3n3tnk/,Construction Contractor
https://www.fyple.com/company/four-seasons-overhead-door-o6tjok9/,Construction Contractor
https://www.fyple.com/company/rock-shop-2ox1gwn/,Construction Contractor
https://www.fyple.com/company/locksfix-o6yauor/,Construction Contractor
https://www.fyple.com/company/victory-roofing-contractors-weston-y9zwczx/,Construction Contractor
https://www.fyple.com/company/west-coast-tgnn62l/,Construction Contractor
https://www.fyple.com/company/california-power-and-light-yk35lgr/,Construction Contractor
https://www.fyple.com/company/christopher-a-deao-electrician-llc-r4lohbn/,Construction Contractor
https://www.fyple.com/company/rock-environmental-inc-uvzutxy/,Construction Contractor
https://www.fyple.com/company/ars-rescue-rooter-austin-tox8ppj/,Construction Contractor
https://www.fyple.com/company/all-town-locksmith-ygwuib9/,Construction Contractor
https://www.fyple.com/company/monarcas-vinyl-windows-and-doors-t4yyu13/,Construction Contractor
https://www.fyple.com/company/classic-sash-and-door-co--ws9e8ue/,Construction Contractor
https://www.fyple.com/company/high-priority-plumbing-of-screven-yks0gpj/,Construction Contractor
https://www.fyple.com/company/lighthouse-windows-w6g7hgy/,Construction Contractor
https://www.fyple.com/company/empire-windows-t9gudft/,Construction Contractor
https://www.fyple.com/company/locksmith-st-louis-mo-ux6nzs6/,Construction Contractor
https://www.fyple.com/company/water-damage-restoration-yye2naa/,Construction Contractor
https://www.fyple.com/company/keechi-creek-builders-o7k24ik/,Construction Contractor
https://www.fyple.com/company/a-plus-roofing-and-gutters-tb7qr2z/,Construction Contractor
https://www.fyple.com/company/oros-home-enhancements-llc-y8a0x2u/,Construction Contractor
https://www.fyple.com/company/west-coast-tf00qxg/,Construction Contractor
https://www.fyple.com/company/ars-rescue-rooter-houston-tox7tdo/,Construction Contractor
https://www.fyple.com/company/air-conditioning-services-nyc-iqpjgt9/,Construction Contractor
https://www.fyple.com/company/tronex-technology-inc--yocswi2/,Construction Contractor
https://www.fyple.com/company/paul-construction-and-awning-ui2g930/,Construction Contractor
https://www.fyple.com/company/centurion-stone-of-arizona-r9gc7nz/,Construction Contractor
https://www.fyple.com/company/house-smart-retro-specialist-ibpvbof/,Construction Contractor
https://www.fyple.com/company/principle-roofing-pros-toledo-r3y5usq/,Construction Contractor
https://www.fyple.com/company/crew-rgg40ke/,Construction Contractor
https://www.fyple.com/company/code-engineered-systems-inc--ybdfdk8/,Construction Contractor
https://www.fyple.com/company/elite-sprinkler-repair-and-installation-i7oox7r/,Construction Contractor
https://www.fyple.com/company/dream-works-properties-rjjpypw/,Construction Contractor
https://www.fyple.com/company/jgs%c2%a0overhead-door-systems-ur0bj8i/,Construction Contractor
https://www.fyple.com/company/ars-rescue-rooter-houston-south-toxqyci/,Construction Contractor
https://www.fyple.com/company/mckinney-glass-tw7zx7a/,Construction Contractor
https://www.fyple.com/company/keychain-locksmith-maryland-heights-mo-upqzg78/,Construction Contractor
https://www.fyple.com/company/will-fix-it-tia5ldx/,Construction Contractor
https://www.fyple.com/company/local-locksmith-miami-tkkshwp/,Construction Contractor
https://www.fyple.com/company/dnb-spokane-landscape-design-and-lighting-uaczzs2/,Construction Contractor
https://www.fyple.com/company/tomball-signage-company-business-sign-shop-maker-inorpeg/,Construction Contractor
https://www.fyple.com/company/denver-wallpaper-installers-o0glb5n/,Construction Contractor
https://www.fyple.com/company/greater-boston-air-conditioning-service-o8g5fuq/,Construction Contractor
https://www.fyple.com/company/air-conditioning-services-nyc-iqpjgt9/,Construction Contractor
https://www.fyple.com/company/everlast-window-and-door-y6sds50/,Construction Contractor
https://www.fyple.com/company/perfection-glass-yoe5yw1/,Construction Contractor
https://www.fyple.com/company/garage-door-repair-minneapolis-edlyvgh/,Construction Contractor
https://www.fyple.com/company/las-vegas-wallpaper-installers-o0gdj6p/,Construction Contractor
https://www.fyple.com/company/capstone-windows-and-doors-u6ut262/,Construction Contractor
https://www.fyple.com/company/steves-lawn-care-services-effwf2f/,Construction Contractor
https://www.fyple.com/company/atlanta-landscape-and-fertilization-t1waqyh/,Construction Contractor
https://www.fyple.com/company/clear-view-exteriors-llc-y7u9dyr/,Construction Contractor
https://www.fyple.com/company/glass-pro-uvdssfg/,Construction Contractor
https://www.fyple.com/company/davis-roofing-solutions-ib2x59n/,Construction Contractor
https://www.fyple.com/company/wine-cellar-specialists-tfowgv5/,Construction Contractor
https://www.fyple.com/company/miami-concrete-brothers-ub3yhze/,Construction Contractor
https://www.fyple.com/company/electrize-ek0n6cq/,Construction Contractor
https://www.fyple.com/company/circle-pines-fast-locksmith-y51ou8b/,Construction Contractor
https://www.fyple.com/company/water-damage-restoration-ny-thglz6q/,Construction Contractor
https://www.fyple.com/company/simple-choice-construction-inc--o9z3rhd/,Construction Contractor
https://www.fyple.com/company/focus-gates-ywv5ybn/,Construction Contractor
https://www.fyple.com/company/aggie-square-apartments-ytp47us/,Construction Contractor
https://www.fyple.com/company/mighty-hands-door-refinishing-services-llc-o388gd4/,Construction Contractor
https://www.fyple.com/company/focus-gates-ywv5ybn/,Construction Contractor
https://www.fyple.com/company/west-coast-tk9nzd2/,Construction Contractor
https://www.fyple.com/company/orange-county-home-garage-doors-eu6yzng/,Construction Contractor
https://www.fyple.com/company/phoenix-wallpaper-installers-o0dkz8y/,Construction Contractor
https://www.fyple.com/company/the-pipe-medic-t9gelsw/,Construction Contractor
https://www.fyple.com/company/garage-door-repair-bay-area-ez69iz3/,Construction Contractor
https://www.fyple.com/company/tandm-outdoor-services-ivp3ba1/,Construction Contractor
https://www.fyple.com/company/todds-porcelain-and-fiberglass-repair-trjziqt/,Construction Contractor
https://www.fyple.com/company/all-contractors-new-york-rvplig9/,Construction Contractor
https://www.fyple.com/company/clovis-stone-masonry-and-landscape-supply-399pq9q/,Construction Contractor
https://www.fyple.com/company/peninsula-mobile-screens-rc71e8g/,Construction Contractor
https://www.fyple.com/company/garage-door-repair-coon-rapids-ene1wh8/,Construction Contractor
https://www.fyple.com/company/alpine-glass-y6sneiy/,Construction Contractor
https://www.fyple.com/company/kotz-heating-cooling-and-plumbing-egpe9c8/,Construction Contractor
https://www.fyple.com/company/humble-sign-company-custom-sign-shop-maker-in6z2hr/,Construction Contractor
https://www.fyple.com/company/emergency-storm-restoration-rfopeec/,Construction Contractor
https://www.fyple.com/company/perfection-glass-y6u81ny/,Construction Contractor
https://www.fyple.com/company/empire-gen-construction-roofing-contractors-nyc-o3k72ne/,Construction Contractor
https://www.fyple.com/company/window-works-iygria4/,Construction Contractor
https://www.fyple.com/company/mont-belvieu-sign-company-business-sign-shop-inqf5sf/,Construction Contractor
https://www.fyple.com/company/elite-homes-of-ny-o388wud/,Construction Contractor
https://www.fyple.com/company/plantation-shutter-pros-inc--iyhbe39/,Construction Contractor
https://www.fyple.com/company/tucson-rubberized-coatings-t0bgku8/,Construction Contractor
https://www.fyple.com/company/united-windows-and-siding-us4xdhd/,Construction Contractor
https://www.fyple.com/company/wine-cellar-specialists-tfqbpl7/,Construction Contractor
https://www.fyple.com/company/port-city-deck-builders-o0wky4j/,Construction Contractor
https://www.fyple.com/company/columbus-exterior-o2b8ywv/,Construction Contractor
https://www.fyple.com/company/we-make-signs-company-custom-sign-shop-maker-o0qockx/,Construction Contractor
https://www.fyple.com/company/greater-houston-sharpening-alspaughs-hardware-i4clubb/,Construction Contractor
https://www.fyple.com/company/millennium-windows-and-siding-y16h65v/,Construction Contractor
https://www.fyple.com/company/the-oakland-fence-company-upustvs/,Construction Contractor
https://www.fyple.com/company/houston-garage-door-specialists-euw8twx/,Construction Contractor
https://www.fyple.com/company/scotts-roofing-o2xl6up/,Construction Contractor
https://www.fyple.com/company/plumbing-dallas-tx-ycpf4k0/,Construction Contractor
https://www.fyple.com/company/florida-air-express-uayvk62/,Construction Contractor
https://www.fyple.com/company/greater-houston-sharpening-atascocita-ace-hdwe--i4cpfy7/,Construction Contractor
https://www.fyple.com/company/perfection-glass-y6u81ny/,Construction Contractor
https://www.fyple.com/company/greater-houston-sharpening-alspaughs-ace-hdwe--i4bal4u/,Construction Contractor
https://www.fyple.com/company/ricos-polished-concrete-ivaksc5/,Construction Contractor
https://www.fyple.com/company/greater-houston-sharpening-jeds-hardware-andlumber-i4b3vfw/,Construction Contractor
https://www.fyple.com/company/cvm-contractors-nyc-rbhnn1c/,Construction Contractor
https://www.fyple.com/company/the-concrete-company-of-atlanta-i8fzvwp/,Construction Contractor
https://www.fyple.com/company/plumbing-cockrell-hill-tx-yfjjorh/,Construction Contractor
https://www.fyple.com/company/greater-houston-sharpening-cypress-ace-hardware-i4cwrp1/,Construction Contractor
https://www.fyple.com/company/usa-clean-master-u2tlsyb/,Construction Contractor
https://www.fyple.com/company/millennium-windows-and-siding-yqjkhbh/,Construction Contractor
https://www.fyple.com/company/albertson-garage-door-repair-t2c54s4/,Construction Contractor
https://www.fyple.com/company/texas-first-rentals-laredo-rz61i3n/,Construction Contractor
https://www.fyple.com/company/texas-first-rentals-little-elm-tn9gwjr/,Construction Contractor
https://www.fyple.com/company/greater-houston-sharpening-community-hardware-i4cttg0/,Construction Contractor
https://www.fyple.com/company/houston-hood-cleaning-kitchen-exhaust-cleaners-tuobl22/,Construction Contractor
https://www.fyple.com/company/texas-first-rentals-fort-worth-evtz58o/,Construction Contractor
https://www.fyple.com/company/victory-roofing-contractors-of-miami-y9s3ytn/,Construction Contractor
https://www.fyple.com/company/plumber-of-tucson-tkanr46/,Construction Contractor
https://www.fyple.com/company/greater-houston-sharpening-deer-park-lumber-ujea3q3/,Construction Contractor
https://www.fyple.com/company/empire-contractors-yfs0hpf/,Construction Contractor
https://www.fyple.com/company/r-and-r-exteriors-ttk7y8s/,Construction Contractor
https://www.fyple.com/company/greater-houston-sharpening-hamilton-ace-hardware-i4b051k/,Construction Contractor
https://www.fyple.com/company/quality-garage-doors-y714tzd/,Construction Contractor
https://www.fyple.com/company/greater-houston-sharpening-turner-hardware-i4bs21n/,Construction Contractor
https://www.fyple.com/company/greater-houston-sharpening-jeds-hardware-andlumber-i4b3vfw/,Construction Contractor
https://www.fyple.com/company/clear-choice-power-washing-utr3dsw/,Construction Contractor
https://www.fyple.com/company/guangdong-y-k-r-new-energy-co-ltd-idj9gux/,Construction Contractor
https://www.fyple.com/company/expert-water-removal-u9w9p50/,Construction Contractor
https://www.fyple.com/company/cougar-windows-and-doors-ylovfy3/,Construction Contractor
https://www.fyple.com/company/homesealed-exteriors-llc-u2cyj2c/,Construction Contractor
https://www.fyple.com/company/wow-1-day-painting-scottsdale-t1ho2c6/,Construction Contractor
https://www.fyple.com/company/heavy-equipment-repair-services-charlotte-iew53f8/,Construction Contractor
https://www.fyple.com/company/south-side-construction-llc-in8xe07/,Construction Contractor
https://www.fyple.com/company/a-taylor-made-window-rd7l58f/,Construction Contractor
https://www.fyple.com/company/best-roofing-company-everett-tn30agl/,Construction Contractor
https://www.fyple.com/company/r-and-r-exteriors-ttk86so/,Construction Contractor
https://www.fyple.com/company/texas-first-rentals-fort-worth-evtz58o/,Construction Contractor
https://www.fyple.com/company/scientific-home-services-ltd-rf20xs3/,Construction Contractor
https://www.fyple.com/company/high-priority-plumbing-of-guyton-ykj5iwx/,Construction Contractor
https://www.fyple.com/company/hq-garage-doors-and-gates-o7bpbdk/,Construction Contractor
https://www.fyple.com/company/conroe-sign-company-custom-business-sign-shop-intrqq9/,Construction Contractor
https://www.fyple.com/company/intermountain-glass-inc-rsph06w/,Construction Contractor
https://www.fyple.com/company/roof-royale-yn85asg/,Construction Contractor
https://www.fyple.com/company/boise-valley-tree-trimming-eneuir3/,Construction Contractor
https://www.fyple.com/company/minneapolis-restoration-services-ig6eurw/,Construction Contractor
https://www.fyple.com/company/texas-first-rentals-san-marcos-r9balkc/,Construction Contractor
https://www.fyple.com/company/atlantic-heating-cooling-and-plumbing-e3ic2e7/,Construction Contractor
https://www.fyple.com/company/expert-water-removal-u9w9p50/,Construction Contractor
https://www.fyple.com/company/funstarcraft-o9k4rkr/,Construction Contractor
https://www.fyple.com/company/the-boca-raton-fence-company-iayrbbp/,Construction Contractor
https://www.fyple.com/company/harvest-custom-wine-cellars-and-saunas-o2g9pjr/,Construction Contractor
https://www.fyple.com/company/kensko-aquatics-llc-ue8ah8g/,Construction Contractor
https://www.fyple.com/company/prestige-equipment-corporation-urwsgnv/,Construction Contractor
https://www.fyple.com/company/west-coast-tgzs7pq/,Construction Contractor
https://www.fyple.com/company/green-bay-carpet-cleaning-rovb0wy/,Construction Contractor
https://www.fyple.com/company/maple-hill-cemetery-y11zxq/,Construction Contractor
https://www.fyple.com/company/local-locksmith-tibznk8/,Construction Contractor
https://www.fyple.com/company/cypress-sign-company-business-sign-shop-maker-inlzk50/,Construction Contractor
https://www.fyple.com/company/anchor-roofing-inc--ruxetz4/,Construction Contractor
https://www.fyple.com/company/badgerland-roofers-rerik73/,Construction Contractor
https://www.fyple.com/company/locksmith-st-louis-mo-uz5d2k0/,Construction Contractor
https://www.fyple.com/company/xiwei-elevator-jiangsu-co-ltd-y7hzfk0/,Construction Contractor
https://www.fyple.com/company/aurora-exterior-painting-yizrevo/,Construction Contractor
https://www.fyple.com/company/texas-first-rentals-waco-esdj6gz/,Construction Contractor
https://www.fyple.com/company/hpp-plumbing-yl0d8xu/,Construction Contractor
https://www.fyple.com/company/retaining-walls-of-salem-oregon-uarzadd/,Construction Contractor
https://www.fyple.com/company/local-locksmith-tibzkwx/,Construction Contractor
https://www.fyple.com/company/neighborhood-locksmith-services-rh96u92/,Construction Contractor
https://www.fyple.com/company/steamatic-of-north-indianapolis-yyqngsq/,Construction Contractor
https://www.fyple.com/company/seattle-car-locksmith-ygccz75/,Construction Contractor
https://www.fyple.com/company/plumbing-richardson-tx-pro-youfsl5/,Construction Contractor
https://www.fyple.com/company/cpd-lighting-llc-yuosyha/,Construction Contractor
https://www.fyple.com/company/indianapolis-car-locksmith-yf5ft5i/,Construction Contractor
https://www.fyple.com/company/driveway911-com-udwzgfi/,Construction Contractor
https://www.fyple.com/company/stannah-stairlifts-inc-uywo7a6/,Construction Contractor
https://www.fyple.com/company/ranger-heating-and-cooling-rr6ret5/,Construction Contractor
https://www.fyple.com/company/old-bridge-roofing-tpknxv2/,Construction Contractor
https://www.fyple.com/company/west-coast-tgzs7pq/,Construction Contractor
https://www.fyple.com/company/rgs-custom-homes-towunaw/,Construction Contractor
https://www.fyple.com/company/charlotte-locksmiths-o85i6zb/,Construction Contractor
https://www.fyple.com/company/victory-roofing-contractors-boca-raton-y8ooso3/,Construction Contractor
https://www.fyple.com/company/steamatic-of-north-indianapolis-ygc61nc/,Construction Contractor
https://www.fyple.com/company/lights-by-sparky-llc-uoscva5/,Construction Contractor
https://www.fyple.com/company/roof-replacement-nj-ttn4qto/,Construction Contractor
https://www.fyple.com/company/advanced-roofing-llc-oqpsb25/,Construction Contractor
https://www.fyple.com/company/city-locksmith-store-rh1jkcp/,Construction Contractor
https://www.fyple.com/company/tile-roofing-of-san-antonio-t6es6h9/,Construction Contractor
https://www.fyple.com/company/reynoldsburg-plumbing-pros-r3w9rjb/,Construction Contractor
https://www.fyple.com/company/texas-first-rentals-san-antonio-tacco-drive-eskhl2f/,Construction Contractor
https://www.fyple.com/company/sugar-land-roof-repair-ecxtztv/,Construction Contractor
https://www.fyple.com/company/armored-dade-windows-and-shutters-ra4swhy/,Construction Contractor
https://www.fyple.com/company/metro-master-locksmith-rj82nz3/,Construction Contractor
https://www.fyple.com/company/lock-locksmith-tech-rh1fh1o/,Construction Contractor
https://www.fyple.com/company/aquatech-aquarium-service-ttgq3q9/,Construction Contractor
https://www.fyple.com/company/the-good-guys-garage-door-repair-uekf552/,Construction Contractor
https://www.fyple.com/company/old-bridge-roofing-tpknxv2/,Construction Contractor
https://www.fyple.com/company/mcgrath-homes-e0cdiu0/,Construction Contractor
https://www.fyple.com/company/portland-landscape-pros-u7kfdq9/,Construction Contractor
https://www.fyple.com/company/100x-concrete-grinding-ivxgbpz/,Construction Contractor
https://www.fyple.com/company/all-about-play-unlenyn/,Construction Contractor
https://www.fyple.com/company/greater-houston-sharpening-hardware-city-ace-i4vnds8/,Construction Contractor
https://www.fyple.com/company/general-locksmith-store-rkv3823/,Construction Contractor
https://www.fyple.com/company/white-mechanical-inc--y1o0ys6/,Construction Contractor
https://www.fyple.com/company/texas-first-rentals-victoria-tly0plb/,Construction Contractor
https://www.fyple.com/company/bonita-springs-locksmith-solution-services-r9jobc8/,Construction Contractor
https://www.fyple.com/company/lock-locksmith-tech-rjnvflx/,Construction Contractor
https://www.fyple.com/company/williamson-new-england-pump-and-motor-ragc9c6/,Construction Contractor
https://www.fyple.com/company/father-son-locksmith-shop-rkazifh/,Construction Contractor
https://www.fyple.com/company/nw-surface-refinishing-icz25uv/,Construction Contractor
https://www.fyple.com/company/metro-master-locksmith-rh9yphn/,Construction Contractor
https://www.fyple.com/company/industrial-welding-inspection-of-el-paso-o4z8p1t/,Construction Contractor
https://www.fyple.com/company/plumbing-mckinney-tx-pro-yiu85xk/,Construction Contractor
https://www.fyple.com/company/village-locksmith-store-rh92qqn/,Construction Contractor
https://www.fyple.com/company/the-good-guys-garage-door-repair-uekf552/,Construction Contractor
https://www.fyple.com/company/lock-locksmith-services-rkcbql9/,Construction Contractor
https://www.fyple.com/company/vintage-cellars-o2s2fnl/,Construction Contractor
https://www.fyple.com/company/neighborhood-locksmith-services-rh8njyr/,Construction Contractor
https://www.fyple.com/company/gold-locksmith-store-rkagl8z/,Construction Contractor
https://www.fyple.com/company/panjin-tiangong-precision-casting-co-ltd-y04w3b8/,Construction Contractor
https://www.fyple.com/company/nuview-windows-t31xq58/,Construction Contractor
https://www.fyple.com/company/victory-roofing-contractors-fort-lauderdale-y9suwok/,Construction Contractor
https://www.fyple.com/company/us-energy-windows-and-doors-inc-rdrpt1d/,Construction Contractor
https://www.fyple.com/company/mcs-electric-llc-r0noucs/,Construction Contractor
https://www.fyple.com/company/lehigh-acres-lock-safe-services-r9eu1ky/,Construction Contractor
https://www.fyple.com/company/master-lock-key-store-rkzg2kj/,Construction Contractor
https://www.fyple.com/company/lock-key-shop-rkbp0vx/,Construction Contractor
https://www.fyple.com/company/2m-concrete-polishing-ivbskkw/,Construction Contractor
https://www.fyple.com/company/gilbert-poolman-inpckzg/,Construction Contractor
https://www.fyple.com/company/electrician-north-miami-beach-yduidbo/,Construction Contractor
https://www.fyple.com/company/local-concrete-experts-tdk5z6p/,Construction Contractor
https://www.fyple.com/company/drain-pros-plumbing-efe6cq6/,Construction Contractor
https://www.fyple.com/company/proexterior-pressure-wash-usgucw1/,Construction Contractor
https://www.fyple.com/company/greater-houston-sharpening-gateway-ace-hardware-i4vceec/,Construction Contractor
https://www.fyple.com/company/san-diego-garage-door-masters-euwwad7/,Construction Contractor
https://www.fyple.com/company/fort-myers-aqua-locksmith-store-r9bdw0h/,Construction Contractor
https://www.fyple.com/company/cape-coral-locksmith-master-shop-r8lxt9l/,Construction Contractor
https://www.fyple.com/company/mcgill-hose-and-coupling-inc--uazibvz/,Construction Contractor
https://www.fyple.com/company/fort-myers-interstate-locksmith-shop-r83aepl/,Construction Contractor
https://www.fyple.com/company/handa-pittsburgh-electrician-ivq8xs7/,Construction Contractor
https://www.fyple.com/company/shelton-roofing-iutf62c/,Construction Contractor
https://www.fyple.com/company/father-son-locksmith-shop-rj87vqv/,Construction Contractor
https://www.fyple.com/company/industrial-access-cincinnati-office-unte7lu/,Construction Contractor
https://www.fyple.com/company/flood-cleanup-brooklyn-asap-tfvvgzz/,Construction Contractor
https://www.fyple.com/company/west-coast-tgnnpwb/,Construction Contractor
https://www.fyple.com/company/greater-houston-sharpening-fulshear-ace-hardware-i4vzu11/,Construction Contractor
https://www.fyple.com/company/expert-locksmith-store-rh1dszj/,Construction Contractor
https://www.fyple.com/company/city-locksmith-store-rj8y4rn/,Construction Contractor
https://www.fyple.com/company/zip-locksmith-ex46oox/,Construction Contractor
https://www.fyple.com/company/pinks-carpet-cleaning-ibvyssf/,Construction Contractor
https://www.fyple.com/company/greater-houston-sharpening-golfcrest-true-value-i4vb8gd/,Construction Contractor
https://www.fyple.com/company/local-concrete-experts-tdk5z6p/,Construction Contractor
https://www.fyple.com/company/greater-houston-sharpening-all-star-ace-hardware-i4btp7f/,Construction Contractor
https://www.fyple.com/company/greater-houston-sharpening-stahlman-lumber-i4bjizo/,Construction Contractor
https://www.fyple.com/company/greater-houston-sharpening-rockler-woodworking-2-i4bibj2/,Construction Contractor
https://www.fyple.com/company/greater-houston-sharpening-pearland-lumber-and-ace-i4bwce4/,Construction Contractor
https://www.fyple.com/company/greater-houston-sharpening-mandd-ace-rosenberg-i4bqdp0/,Construction Contractor
https://www.fyple.com/company/greater-houston-sharpening-uvalde-ace-hardware-i4bsywe/,Construction Contractor
https://www.fyple.com/company/greater-houston-sharpening-spring-true-value-i4bfoni/,Construction Contractor
https://www.fyple.com/company/greater-houston-sharpening-magnuson-ace-hardware-i4b8x75/,Construction Contractor
https://www.fyple.com/company/greater-houston-sharpening-southland-hardware-i4bpzbv/,Construction Contractor
https://www.fyple.com/company/greater-houston-sharpening-league-city-ace-hdwe--i4b5z26/,Construction Contractor
https://www.fyple.com/company/greater-houston-sharpening-robs-do-it-best-hdwe-i4btvi3/,Construction Contractor
https://www.fyple.com/company/greater-houston-sharpening-toms-ace-hardware-i4bdqo8/,Construction Contractor
https://www.fyple.com/company/greater-houston-sharpening-all-star-ace-hdwe-2-ihue64g/,Construction Contractor
https://www.fyple.com/company/greater-houston-sharpening-mandd-ace-beamer-i4bq009/,Construction Contractor
https://www.fyple.com/company/greater-houston-sharpening-katy-ace-hardware-i4b4g92/,Construction Contractor
https://www.fyple.com/company/greater-houston-sharpening-plantation-ace-hdwe--i4br158/,Construction Contractor
https://www.fyple.com/company/greater-houston-sharpening-fulshear-ace-hardware-i4vzu11/,Construction Contractor
https://www.fyple.com/company/greater-houston-sharpening-langham-creek-ace-i4b7e4h/,Construction Contractor
https://www.fyple.com/company/greater-houston-sharpening-mandd-ace-clear-lake-i4bwo2d/,Construction Contractor
https://www.fyple.com/company/greater-houston-sharpening-spring-ace-hardware-i4bkr1t/,Construction Contractor
https://www.fyple.com/company/greater-houston-sharpening-rockler-woodworking-1-i4byg0z/,Construction Contractor
https://www.fyple.com/company/greater-houston-sharpening-stahlman-lumber-i4bjizo/,Construction Contractor
https://www.fyple.com/company/greater-houston-sharpening-rockler-woodworking-2-i4bibj2/,Construction Contractor
https://www.fyple.com/company/view-point-inc--rf314hj/,Construction Contractor
https://www.fyple.com/company/garage-door-repair-san-antonio-ez7e1wx/,Construction Contractor
https://www.fyple.com/company/heater-repair-trir22z/,Construction Contractor
https://www.fyple.com/company/greater-houston-sharpening-southland-hardware-i4bpzbv/,Construction Contractor
https://www.fyple.com/company/trugold-llc-q8dupnp/,Construction Contractor
https://www.fyple.com/company/greater-houston-sharpening-robs-do-it-best-hdwe-i4btvi3/,Construction Contractor
https://www.fyple.com/company/midwest-crushing-and-screening-el0fhkh/,Construction Contractor
https://www.fyple.com/company/lafayette-hill-garage-doors-services-rfov8uo/,Construction Contractor
https://www.fyple.com/company/emray-excavating-iwoerh5/,Construction Contractor
https://www.fyple.com/company/locksmith-for-nyc-u6vbhpn/,Construction Contractor
https://www.fyple.com/company/integrity-repipe-tllo4kj/,Construction Contractor
https://www.fyple.com/company/lock-locksmith-tech-rj844j7/,Construction Contractor
https://www.fyple.com/company/atlanta-home-garage-doors-eu4k176/,Construction Contractor
https://www.fyple.com/company/city-locksmith-shop-rh1go8t/,Construction Contractor
https://www.fyple.com/company/same-day-garage-door-services-tr41tuk/,Construction Contractor
https://www.fyple.com/company/harrisburg-roof-repair-rt7kdqb/,Construction Contractor
https://www.fyple.com/company/greater-houston-sharpening-spring-ace-hardware-i4bkr1t/,Construction Contractor
https://www.fyple.com/company/redwood-roofing-and-remodeling-rktljex/,Construction Contractor
https://www.fyple.com/company/greater-houston-sharpening-rockler-woodworking-1-i4byg0z/,Construction Contractor
https://www.fyple.com/company/express-locksmith-store-rkxf31v/,Construction Contractor
https://www.fyple.com/company/w-b-homes-inc--ytuauyh/,Construction Contractor
https://www.fyple.com/company/asl-electric-ucp8dnf/,Construction Contractor
https://www.fyple.com/company/riverview-tree-service-rwqopyx/,Construction Contractor
https://www.fyple.com/company/dynamo-locksmith-rr4nz4k/,Construction Contractor
https://www.fyple.com/company/sky-windows-and-doors-long-island-ybhg8ex/,Construction Contractor
https://www.fyple.com/company/the-baton-rouge-fence-company-upugs26/,Construction Contractor
https://www.fyple.com/company/denver-garage-door-specialists-euw79od/,Construction Contractor
https://www.fyple.com/company/all-day-locksmith-service-rkahyyf/,Construction Contractor
https://www.fyple.com/company/chudasama-outsourcing-iadb2ri/,Construction Contractor
https://www.fyple.com/company/white-mechanical-inc--y1k5dg9/,Construction Contractor
https://www.fyple.com/company/midwest-crushing-and-screening-el0fhkh/,Construction Contractor
https://www.fyple.com/company/fast-pro-locksmith-llc-y7sfyyn/,Construction Contractor
https://www.fyple.com/company/w-b-homes-inc--y5k01hs/,Construction Contractor
https://www.fyple.com/company/jandr-contracting-group-uj3ty52/,Construction Contractor
https://www.fyple.com/company/austin-garage-door-specialists-euw48rs/,Construction Contractor
https://www.fyple.com/company/sump-pump-repair-long-island-t3g35lt/,Construction Contractor
https://www.fyple.com/company/the-coachella-valley-concrete-company-isuwrk1/,Construction Contractor
https://www.fyple.com/company/express-locksmith-store-rkacswc/,Construction Contractor
https://www.fyple.com/company/garden-commander-low-cost-deer-fence-yp9eyeq/,Construction Contractor
https://www.fyple.com/company/select-structural-ivscrb9/,Construction Contractor
https://www.fyple.com/company/velocity-general-contracting-inc-ia7hg1f/,Construction Contractor
https://www.fyple.com/company/j-woods-plumbing-r3fkhy3/,Construction Contractor
https://www.fyple.com/company/mr-handyman-of-colorado-springs-ijwy9yn/,Construction Contractor
https://www.fyple.com/company/birmingham-car-locksmith-ygccyvs/,Construction Contractor
https://www.fyple.com/company/greater-houston-sharpening-upedsln/,Construction Contractor
https://www.fyple.com/company/proficient-plumbing-and-heating-uh4b29c/,Construction Contractor
https://www.fyple.com/company/atlanta-garage-door-specialists-euw3ux1/,Construction Contractor
https://www.fyple.com/company/resurrection-cemetery-iicxalg/,Construction Contractor
https://www.fyple.com/company/bonita-springs-expert-locksmith-shop-r9lki84/,Construction Contractor
https://www.fyple.com/company/madam-rose-solutions-ixh02tz/,Construction Contractor
https://www.fyple.com/company/irvin-inc-ykho92h/,Construction Contractor
https://www.fyple.com/company/a-taylor-made-window-rd7pdne/,Construction Contractor
https://www.fyple.com/company/lock-locksmith-tech-rkv70fa/,Construction Contractor
https://www.fyple.com/company/wine-cellar-specialists-tf85r80/,Construction Contractor
https://www.fyple.com/company/service-pro-restoration-ixnbl0c/,Construction Contractor
https://www.fyple.com/company/fence-installation-birmingham-u0dsjyj/,Construction Contractor
https://www.fyple.com/company/marietta-hvac-ez11tig/,Construction Contractor
https://www.fyple.com/company/sump-pump-repair-long-island-t3g35lt/,Construction Contractor
https://www.fyple.com/company/naples-metro-locksmith-services-r9k19hk/,Construction Contractor
https://www.fyple.com/company/city-locksmith-shop-rh9e59j/,Construction Contractor
https://www.fyple.com/company/royal-locksmith-store-rh92hle/,Construction Contractor
